{"noiseKey":{"private":{"type":"Buffer","data":"iPbYVtAbCR2tdu6EQm2SSnAbamJ1Mtx9eVnGkEwrFFg="},"public":{"type":"Buffer","data":"E2GUv3UrNPMM6CggZpsbgmRMQ4UID13q2CDO8Lkn+Dw="}},"pairingEphemeralKeyPair":{"private":{"type":"Buffer","data":"oCtjgecZqO/n1wvQEMogBoteTl43R/yFeGcTuJo+e3A="},"public":{"type":"Buffer","data":"DjQcioaKVPjotUopSSCFvZIYr9eiD/x4lda4wKGpzDI="}},"signedIdentityKey":{"private":{"type":"Buffer","data":"2K6fk0wXSCyjVztKcn7Dqk76kMGDjSK7ZfaBkSLQHU4="},"public":{"type":"Buffer","data":"EluAjvIElfD+o2bhzLlN7y8LyIw+npFyPBoq7uB2XB0="}},"signedPreKey":{"keyPair":{"private":{"type":"Buffer","data":"sJafKWkyQ13+cRNPbpzrT/ebbHDdaTzbkTlU/faUZFo="},"public":{"type":"Buffer","data":"/BRmEyG7JMjlWy2vzoXmDLc1sN/AwO9Djjv+LBM2e3g="}},"signature":{"type":"Buffer","data":"9Bkea50bgauAmkMy9jB9Z2q2VQI4gxRNtmbga7uUNnVVflvhA/ve+xNqZGYSWfCoCHcANhQJHhkYYKVmlLcPBg=="},"keyId":1},"registrationId":10,"advSecretKey":"GYytuoVGzGWbvenbsvIS0fzQ6oXVLkC0ALLrbpNBfic=","processedHistoryMessages":[],"nextPreKeyId":31,"firstUnuploadedPreKeyId":31,"accountSyncCounter":0,"accountSettings":{"unarchiveChats":false},"registered":true,"pairingCode":"V26YCYCC","me":{"id":"923307499677:26@s.whatsapp.net","lid":"157887829680220:26@lid"},"account":{"details":"CNGOsM8BEIex38sGGAEgACgA","accountSignatureKey":"3ezE7RLfmuPP81CUN+7WPnFQTBX8GaiM4ji/ElQKqUw=","accountSignature":"jKbEkjuadUo9y4rEhmjKzSu5PhuPAykVDufqJ2tAgWKsoC6qGI3MFtdrCQztrfMalcTsXxbHQ1Ej/eryQpbrDA==","deviceSignature":"y7072EGvXilMv6FmnLroLByvsZbgVrJdRsFzcnbs0Kv2wVcWnW6hy1nk1Yt3ax6BNMLpV+tJ209lLCFgywirCw=="},"signalIdentities":[{"identifier":{"name":"923307499677:26@s.whatsapp.net","deviceId":0},"identifierKey":{"type":"Buffer","data":"Bd3sxO0S35rjz/NQlDfu1j5xUEwV/BmojOI4vxJUCqlM"}}],"platform":"android","routingInfo":{"type":"Buffer","data":"CA0IEggI"},"lastAccountSyncTimestamp":1769461899,"lastPropHash":"2V77qU"}